feature,importance
https,0.44177814582598035
syn_flag_number,0.1082439349860375
rst_flag_number,0.0946892027137121
min_packet_size,0.053159660285564646
max_packet_size,0.03877832661503286
ack_flag_number,0.033321229025517415
fin_flag_number,0.03188300745726801
time_to_live,0.02365860422704615
inter_arrival_time,0.02147214940157615
ece_flag_number,0.016810186744443515
ssh,0.016559734394581267
psh_flag_number,0.013824769192489103
http,0.012891296196408872
arp,0.011193032695114373
std_packet_size,0.010473108806212014
header_length,0.010071235215212934
mean_packet_size,0.009665443102319256
dns,0.008210732619034194
udp,0.008003551109935043
icmp,0.007035029622887837
rate,0.006302150609064022
dhcp,0.005003365025652504
tcp,0.004317337155055564
protocol_type,0.0035347697446811333
cwr_flag_number,0.0030008438607816994
irc,0.0021769851120769304
igmp,0.0017424905727998275
telnet,0.0014582527432407037
ipv,0.000741424940274041
smtp,0.0
llc,0.0
packet_size_variance,0.0
ack_count_frac,0.0
syn_count_frac,0.0
fin_count_frac,0.0
rst_count_frac,0.0
