feature,raw_feature,mean_abs_shap
header_length,header_length,1.0230600951207318
ack_count_frac,ack_count_frac,1.0076867550057869
rate,rate,0.8199140837948563
https,https,0.7722789433380954
arp,arp,0.7142360386876998
udp,udp,0.6731647934322167
tcp,tcp,0.6434663952547124
packet_size_variance,packet_size_variance,0.5878291944334764
syn_count_frac,syn_count_frac,0.5127372034800213
ipv,ipv,0.4248544771148317
mean_packet_size,mean_packet_size,0.397884209804523
llc,llc,0.35039728892934163
time_to_live,time_to_live,0.3494878996104663
max_packet_size,max_packet_size,0.33724301476251384
min_packet_size,min_packet_size,0.32602500137092033
std_packet_size,std_packet_size,0.3124553505201358
protocol_type,protocol_type,0.29358904405146524
ack_flag_number,ack_flag_number,0.28299975712461056
syn_flag_number,syn_flag_number,0.2299829960690587
rst_count_frac,rst_count_frac,0.2161540098229571
dns,dns,0.17495472622420416
rst_flag_number,rst_flag_number,0.1640891762428238
psh_flag_number,psh_flag_number,0.16202074520105547
inter_arrival_time,inter_arrival_time,0.1298556388912736
http,http,0.12879906098887026
icmp,icmp,0.09629829074662223
fin_count_frac,fin_count_frac,0.07738176947047878
fin_flag_number,fin_flag_number,0.046648439143155356
ssh,ssh,0.018647834177158963
dhcp,dhcp,0.017193541174313758
smtp,smtp,0.008912460240685089
cwr_flag_number,cwr_flag_number,0.0073055736773677835
irc,irc,0.007216183081163613
igmp,igmp,0.0054744650337485365
telnet,telnet,0.005246849678804766
ece_flag_number,ece_flag_number,0.004617540096884529
