feature,mean_abs_shap
mqtt.topic,0.9050199155467255
mqtt.topic,0.9002067111376675
mqtt.protoname,0.573453498371318
mqtt.conack.flags,0.26710860242715084
mqtt.conack.flags,0.2033641125793777
mqtt.protoname,0.1868798931073243
dns.qry.name.len,0.10689818140202216
mqtt.topic_Temperature_and_Humid,0.09503505674066641
dns.qry.name.len,0.07518242364288756
tcp.flags.ack,0.035256143474500325
mqtt.protoname_MQTT,0.026093791355316833
tcp.flags,0.025085003975150264
tcp.seq,0.02195596042236053
http.request.version,0.016709563235135165
http.request.version,0.01521809280756873
tcp.len,0.014801734204780224
tcp.connection.rst,0.013229600274172523
udp.stream,0.009442979515827189
tcp.checksum,0.009292597674518238
tcp.ack_raw,0.00860152594143587
mqtt.conack.flags_0x00000000,0.008541458558101052
tcp.connection.synack,0.007188765069364368
mqtt.hdrflags,0.007181043415077604
http.request.method,0.006556983233113729
http.referer,0.006384535820105771
tcp.connection.syn,0.006227069810919743
icmp.seq_le,0.005228661024380654
mqtt.msgtype,0.004662898824917169
mqtt.len,0.004543506007597104
mqtt.conflag.cleansess,0.004258766451462068
mqtt.topic_len,0.003670101828699018
http.referer,0.003633920971793912
icmp.checksum,0.00312828534825926
http.request.method,0.0028304635100847614
tcp.connection.fin,0.0026542904826342335
dns.qry.name,0.002479799875985683
mqtt.conflags,0.002475474694959297
http.request.version_HTTP/1.1,0.0019129645687857792
http.content_length,0.001749549291366859
http.response,0.001619042795034444
mqtt.proto_len,0.0015423658312367038
tcp.ack,0.001503323382713641
arp.hw.size,0.001318778581747018
mqtt.ver,0.0010986296841437675
http.request.method_GET,0.0007426076504458253
http.request.version_HTTP/1.0,0.0005423884388272806
arp.opcode,0.0005401728476575068
http.request.method_POST,0.00011773871501500252
dns.qry.qu,5.309291020814945e-05
dns.qry.name.len,1.4657420043173867e-05
icmp.unused,0.0
dns.retransmit_request,0.0
dns.retransmit_request_in,0.0
dns.qry.type,0.0
dns.retransmission,0.0
http.request.method_SEARCH,0.0
http.request.method_PUT,0.0
http.request.method_PROPFIND,0.0
http.request.method_OPTIONS,0.0
http.request.version_> HTTP/1.1,0.0
http.request.version_By Dr HTTP/,0.0
http.request.version_/etc/passwd,0.0
http.request.version_-al&_PHPLIB,0.0
http.referer,0.0
http.referer_TESTING_PURPOSES_ON,0.0
http.request.version_-a HTTP/1.1,0.0
http.request.version_-al&ABSOLUT,0.0
http.request.method_TRACE,0.0
http.referer_() { _; } >_[$($()),0.0
mbtcp.len,0.0
mqtt.msg_decoded_as,0.0
dns.qry.name.len_1.debian.pool.n,0.0
dns.qry.name.len_0.debian.pool.n,0.0
http.request.version_script>aler,0.0
http.request.version_Src=javascr,0.0
dns.qry.name.len_raspberrypi.loc,0.0
dns.qry.name.len_3.debian.pool.n,0.0
dns.qry.name.len__googlecast._tc,0.0
dns.qry.name.len_null-null.local,0.0
dns.qry.name.len_2.debian.pool.n,0.0
http.request.version_name=a><inp,0.0
mqtt.conack.flags,0.0
mqtt.conack.flags,0.0
mqtt.conack.flags,0.0
mqtt.conack.flags,0.0
mqtt.conack.flags,0.0
mqtt.conack.flags,0.0
mqtt.conack.flags,0.0
mqtt.conack.flags,0.0
mqtt.conack.flags,0.0
mqtt.conack.flags,0.0
