feature,stump_balanced_accuracy
https,0.8519334606074058
header_length,0.7761434039282369
time_to_live,0.7676226403604409
inter_arrival_time,0.7623739433701556
rate,0.753615729842895
psh_flag_number,0.7092413090717702
packet_size_variance,0.6556449820149737
std_packet_size,0.6556449820149737
ipv,0.5499227196335614
arp,0.5499227196335614
llc,0.5499227196335614
dns,0.5472730374188981
ssh,0.5070891481068031
dhcp,0.5040299243486556
ece_flag_number,0.5018094448452055
cwr_flag_number,0.5012919899664439
igmp,0.5008632010844251
protocol_type,0.5
rst_flag_number,0.5
fin_flag_number,0.5
udp,0.5
tcp,0.5
irc,0.5
smtp,0.5
telnet,0.5
syn_flag_number,0.5
ack_flag_number,0.5
http,0.5
max_packet_size,0.5
min_packet_size,0.5
icmp,0.5
mean_packet_size,0.5
ack_count_frac,0.5
syn_count_frac,0.5
fin_count_frac,0.5
rst_count_frac,0.5
