feature,dtype,category,reason,recommended_action
arp.opcode,float64,Safe operational feature,Standard numerical feature,Keep
arp.hw.size,float64,Safe operational feature,Standard numerical feature,Keep
icmp.unused,float64,Safe operational feature,Standard numerical feature,Keep
http.file_data,float64,Safe operational feature,Standard numerical feature,Keep
http.content_length,float64,Safe operational feature,Standard numerical feature,Keep
http.request.uri.query,float64,Safe operational feature,Standard numerical feature,Keep
http.request.method,float64,Safe operational feature,Standard numerical feature,Keep
http.referer,float64,Safe operational feature,Standard numerical feature,Keep
http.request.full_uri,float64,Safe operational feature,Standard numerical feature,Keep
http.request.version,float64,Safe operational feature,Standard numerical feature,Keep
http.response,float64,Safe operational feature,Standard numerical feature,Keep
tcp.connection.fin,float64,Safe operational feature,Standard numerical feature,Keep
tcp.connection.rst,float64,Safe operational feature,Standard numerical feature,Keep
tcp.connection.syn,float64,Safe operational feature,Standard numerical feature,Keep
tcp.connection.synack,float64,Safe operational feature,Standard numerical feature,Keep
tcp.flags,float64,Safe operational feature,Standard numerical feature,Keep
tcp.flags.ack,float64,Safe operational feature,Standard numerical feature,Keep
tcp.len,float64,Safe operational feature,Standard numerical feature,Keep
tcp.options,str,Safe operational feature,Standard numerical feature,Keep
tcp.payload,str,Safe operational feature,Standard numerical feature,Keep
dns.qry.name,float64,Safe operational feature,Standard numerical feature,Keep
dns.qry.name.len,int64,Safe operational feature,Standard numerical feature,Keep
dns.qry.qu,float64,Safe operational feature,Standard numerical feature,Keep
dns.qry.type,float64,Safe operational feature,Standard numerical feature,Keep
dns.retransmission,float64,Safe operational feature,Standard numerical feature,Keep
dns.retransmit_request,float64,Safe operational feature,Standard numerical feature,Keep
dns.retransmit_request_in,float64,Safe operational feature,Standard numerical feature,Keep
mbtcp.len,float64,Safe operational feature,Standard numerical feature,Keep
