,precision,recall,f1-score,support
0,0.0,0.0,0.0,3729.0
1,0.0,0.0,0.0,7486.0
2,0.4909760485775329,0.9999427459063323,0.658584411176892,17466.0
3,0.5398613518197574,0.414780292942743,0.4691265060240964,7510.0
4,1.0,0.09426926240745818,0.17229628144732886,18235.0
5,0.0,0.0,0.0,150.0
6,0.0,0.0,0.0,182.0
7,0.8611378668207795,0.9960469904723392,0.9236924124815129,242347.0
8,0.9801699716713881,0.04599229030971687,0.08786185881157949,7523.0
9,0.0,0.0,0.0,3384.0
10,0.0,0.0,0.0,1639.0
11,0.4840843323687474,0.15245410753808097,0.2318811881188119,7681.0
12,0.0,0.0,0.0,5645.0
13,0.90815871600535,0.8129572967939338,0.8579250315878141,7517.0
14,0.0,0.0,0.0,2387.0
accuracy,0.8150540283164254,0.8150540283164254,0.8150540283164254,0.8150540283164254
macro avg,0.3509592191509037,0.23442953242470693,0.2267578459765357,332881.0
weighted avg,0.7734824893852682,0.8150540283164254,0.7537617641076887,332881.0
