dataset,model,operating_point,threshold,detection_rate,false_alarm_rate,macro_f1,roc_auc
"Edge-IIoTset (strict, no MQTT)",CNN-GRU,default (0.5),0.5,0.6531579296176022,0.007192166604084226,0.8583296602566417,0.9038941009905477
"Edge-IIoTset (strict, no MQTT)",CNN-GRU,false alarms <= 1%,0.3377,0.6557757306647226,0.009007745092780187,0.857909430771862,0.9038941009905477
"Edge-IIoTset (strict, no MQTT)",CNN-GRU,false alarms <= 2%,0.3377,0.6557757306647226,0.009007745092780187,0.857909430771862,0.9038941009905477
"Edge-IIoTset (strict, no MQTT)",CNN-GRU,false alarms <= 5%,0.3377,0.6557757306647226,0.009007745092780187,0.857909430771862,0.9038941009905477
"Edge-IIoTset (strict, no MQTT)",CNN-GRU,false alarms <= 10%,0.2381,0.7329511564716018,0.0655547623861653,0.8434251343101149,0.9038941009905477
"Edge-IIoTset (strict, no MQTT)",XGBoost,default (0.5),0.5,0.67319460092341,0.00637928259891808,0.8679163837211428,0.91656622132101
"Edge-IIoTset (strict, no MQTT)",XGBoost,false alarms <= 1%,0.3391,0.6771268252811099,0.008615745191811741,0.8676706879407399,0.91656622132101
"Edge-IIoTset (strict, no MQTT)",XGBoost,false alarms <= 2%,0.3391,0.6771268252811099,0.008615745191811741,0.8676706879407399,0.91656622132101
"Edge-IIoTset (strict, no MQTT)",XGBoost,false alarms <= 5%,0.3391,0.6771268252811099,0.008615745191811741,0.8676706879407399,0.91656622132101
"Edge-IIoTset (strict, no MQTT)",XGBoost,false alarms <= 10%,0.2399,0.7486800539024013,0.06137893186216458,0.8531724305579842,0.91656622132101
CICIoT2023 (strict),CNN-GRU,default (0.5),0.5,0.8861333083988463,0.0655067042930853,0.8878834508994975,0.9662821354455438
CICIoT2023 (strict),CNN-GRU,false alarms <= 1%,0.7666,0.8234350612453337,0.010653397231452569,0.8628071931064052,0.9662821354455438
CICIoT2023 (strict),CNN-GRU,false alarms <= 2%,0.6841,0.84257467758989,0.020588775527242975,0.8727709855812401,0.9662821354455438
CICIoT2023 (strict),CNN-GRU,false alarms <= 5%,0.5411,0.8757687134523955,0.05111292935027635,0.8855908867384801,0.9662821354455438
CICIoT2023 (strict),CNN-GRU,false alarms <= 10%,0.4177,0.9075098359358704,0.10245963230751248,0.8899168277975456,0.9662821354455438
CICIoT2023 (strict),XGBoost,default (0.5),0.5,0.9336119282749891,0.08379113998029622,0.9165276585189088,0.9787251201694342
CICIoT2023 (strict),XGBoost,false alarms <= 1%,0.8367,0.8660226855881062,0.01051981231318984,0.8930888513333188,0.9787251201694342
CICIoT2023 (strict),XGBoost,false alarms <= 2%,0.758,0.884860211032072,0.02065556798637434,0.9031646992549816,0.9787251201694342
CICIoT2023 (strict),XGBoost,false alarms <= 5%,0.6079,0.9148607145169063,0.0504784009885284,0.9146231817438741,0.9787251201694342
CICIoT2023 (strict),XGBoost,false alarms <= 10%,0.4542,0.9411713934302421,0.10135755673184497,0.9157285987498365,0.9787251201694342
